Arbol,Nodo,Es_hoja,Variable,Umbral,Hijo_izquierdo,Hijo_derecho,N_ponderado,Clase_0,Clase_1,Gini,Reduccion_Gini,Probabilidad_hoja
1,0,No,contactos_previos,0.5,1,4,5220.0,4620.0,600.0,0.20346148764698113,0.007724275616747121,
1,1,No,contacto_celular,0.5,2,3,4531.0,4120.0,411.0,0.1649608589124938,0.002315479885565539,
1,2,Sí,Hoja,,,,1880.0,1791.0,89.0,0.09019861928474426,0.0,0.04734042553191489
1,3,Sí,Hoja,,,,2651.0,2329.0,322.0,0.21342038569390342,0.0,0.12146359864202187
1,4,No,contactos_previos,1.5,5,6,689.0,500.0,188.99999999999997,0.3981285850004529,0.002081568809115205,
1,5,Sí,Hoja,,,,552.0,425.0,127.0,0.3542782503675699,0.0,0.23007246376811594
1,6,Sí,Hoja,,,,137.0,75.0,62.0,0.4954978954659278,0.0,0.45255474452554745
2,0,No,contacto_celular,0.5,1,4,5220.0,4605.0,615.0,0.20787092086140835,0.004568816871275804,
2,1,No,edad,58.5,2,3,1873.0,1772.0,101.0,0.10203273596837514,0.00019755349196177887,
2,2,Sí,Hoja,,,,1810.0,1718.0,92.0,0.09649033912273741,0.0,0.05082872928176796
2,3,Sí,Hoja,,,,63.0,54.0,9.0,0.24489795918367352,0.0,0.14285714285714285
2,4,No,resultado_previo_exitoso,0.5,5,6,3347.0,2833.0,514.0,0.25997301116215277,0.018608665231566665,
2,5,Sí,Hoja,,,,3186.0,2783.0,402.99999999999994,0.22098190096423898,0.0,0.12649089767733834
2,6,Sí,Hoja,,,,161.0,49.99999999999999,111.0,0.42822421974460867,0.0,0.6894409937888198
3,0,No,edad,60.5,1,4,5220.0,4614.0,606.0,0.20522922446822567,0.007121821413014441,
3,1,No,resultado_previo_exitoso,0.5,2,3,5102.0,4556.0,546.0,0.19112849727572423,0.017508513507323274,
3,2,Sí,Hoja,,,,4959.0,4508.0,451.0,0.16534924961006126,0.0,0.09094575519257915
3,3,Sí,Hoja,,,,143.0,48.0,95.0,0.44598757885471174,0.0,0.6643356643356644
3,4,Sí,Hoja,,,,118.0,58.0,60.0,0.4998563631140477,0.0,0.5084745762711864
4,0,No,edad,59.5,1,4,5220.0,4647.0,573.0,0.19544127361606556,0.006681827281058543,
4,1,No,edad,24.5,2,3,5047.0,4547.0,500.0,0.17850827150483883,0.003116783630593303,
4,2,Sí,Hoja,,,,144.0,96.0,48.0,0.4444444444444444,0.0,0.3333333333333333
4,3,Sí,Hoja,,,,4903.0,4451.0,452.0,0.1673794892378594,0.0,0.09218845604731797
4,4,No,edad,67.5,5,6,173.0,100.00000000000001,73.0,0.487821176785058,0.0005290422294062079,
4,5,Sí,Hoja,,,,101.0,66.0,35.0,0.45289677482599744,0.0,0.3465346534653465
4,6,Sí,Hoja,,,,72.0,34.0,38.0,0.4984567901234568,0.0,0.5277777777777778
5,0,No,contactos_previos,1.5,1,4,5220.0,4635.0,585.0,0.19901902497027346,0.00700424783481915,
5,1,No,edad,60.5,2,3,5089.0,4567.0,522.0,0.18410543456364703,0.0018411630461956212,
5,2,Sí,Hoja,,,,4984.0,4495.0,489.0,0.17697522924079367,0.0,0.0981139646869984
5,3,Sí,Hoja,,,,105.0,72.0,33.0,0.43102040816326526,0.0,0.3142857142857143
5,4,No,edad,36.5,5,6,131.0,68.0,63.0,0.4992716042188684,6.413619262557091e-05,
5,5,Sí,Hoja,,,,61.0,34.0,27.0,0.4934157484547165,0.0,0.4426229508196721
5,6,Sí,Hoja,,,,70.0,34.0,36.0,0.4995918367346939,0.0,0.5142857142857142
6,0,No,resultado_previo_exitoso,0.5,1,4,5220.0,4630.0,590.0,0.2005035158027627,0.024703651066645925,
6,1,No,contacto_celular,0.5,2,3,5048.0,4581.0,466.99999999999994,0.16790687372695967,0.0015610402359181527,
6,2,Sí,Hoja,,,,1920.0,1812.0,108.0,0.10617187500000003,0.0,0.05625
6,3,Sí,Hoja,,,,3128.0,2769.0,359.0,0.20319541833190524,0.0,0.11476982097186701
6,4,No,contactos_campana,1.5,5,6,172.0,49.0,123.00000000000001,0.40744997295835583,0.0003764590572930577,
6,5,Sí,Hoja,,,,86.0,18.0,68.0,0.33098972417522987,0.0,0.7906976744186046
6,6,Sí,Hoja,,,,86.0,30.999999999999996,55.0,0.46106003244997296,0.0,0.6395348837209303
7,0,No,contactos_previos,0.5,1,4,5220.0,4613.0,607.0,0.20552333348013097,0.006659923592123929,
7,1,No,contacto_celular,0.5,2,3,4509.0,4088.0,421.0,0.16930216351998206,0.0018578235429365369,
7,2,Sí,Hoja,,,,1850.0,1750.0,100.0,0.1022644265887509,0.0,0.05405405405405406
7,3,Sí,Hoja,,,,2659.0,2338.0,321.0,0.2122965126845736,0.0,0.12072207596840917
7,4,No,contactos_campana,2.5,5,6,711.0,525.0,186.00000000000003,0.38633409888016523,0.0003081010837761617,
7,5,Sí,Hoja,,,,580.0,418.99999999999994,161.0,0.401064209274673,0.0,0.2775862068965517
7,6,Sí,Hoja,,,,131.0,106.0,25.0,0.3088398111998135,0.0,0.19083969465648856
